ts,agent_running,agent_started,agent_restarts,agent_rss,agent_heap_inuse,goroutines,agent_cpu_usec,pgbouncer_cpu_usec,postgres_cpu_usec,events,q_client,q_server,corr_exact,corr_inferred,corr_internal,corr_none,corr_orphan,kept_error,kept_slow,kept_ratio,dropped,kernel_drops,conns_client,conns_server,vt_spans_1m,vt_truncated_1m
1790620673,true,2026-09-28T18:37:51.070743443Z,0,59834368.0,6184960.0,15.0,96443,42855,1995362,1155.0,204.0,209.0,204.0,0,0,5.0,0,0,0,21.0,188.0,0.0,0,0,0,0
1790620733,true,2026-09-28T18:37:51.070743443Z,0,64909312.0,7667712.0,16.0,3240327,2087601,75688924,587258.0,14338.0,14356.0,14332.0,0,0,24.0,0,16.0,103.0,1466.0,12777.0,0.0,24.0,11.0,4158,172
1790620793,true,2026-09-28T18:37:51.070743443Z,0,66289664.0,7208960.0,16.0,6418354,4167429,185778404,1156649.0,28371.0,28404.0,28359.0,0,0,45.0,0,31.0,303.0,2838.0,25244.0,0.0,24.0,20.0,4204,158
1790620853,true,2026-09-28T18:37:51.070743443Z,0,63033344.0,7929856.0,16.0,9563583,6165006,301151693,1709787.0,42313.0,42356.0,42295.0,0,0,61.0,0,43.0,505.0,4209.0,37617.0,0.0,24.0,20.0,4175,164
1790620913,true,2026-09-28T18:37:51.070743443Z,0,63275008.0,6414336.0,16.0,12827916,8237271,419421209,2284841.0,56671.0,56724.0,56647.0,0,0,77.0,0,58.0,710.0,5660.0,50320.0,0.0,24.0,20.0,4372,178
1790620973,true,2026-09-28T18:37:51.070743443Z,0,64040960.0,6062080.0,16.0,16123732,10356629,547474480,2873370.0,70727.0,70788.0,70697.0,0,0,91.0,0,72.0,923.0,7030.0,62793.0,0.0,24.0,20.0,4155,194
1790621033,true,2026-09-28T18:37:51.070743443Z,0,65929216.0,9830400.0,16.0,19320845,12410198,660540900,3445077.0,84700.0,84774.0,84664.0,0,0,110.0,0,86.0,1142.0,8417.0,75165.0,0.0,25.0,20.0,4274,194
1790621094,true,2026-09-28T18:37:51.070743443Z,0,63815680.0,8847360.0,16.0,22530384,14461477,784276876,4015784.0,98330.0,98412.0,98288.0,0,0,124.0,0,104.0,1344.0,9795.0,87211.0,0.0,24.0,20.0,4235,178
1790621154,true,2026-09-28T18:37:51.070743443Z,0,63991808.0,8265728.0,16.0,25657185,16458460,892646556,4570796.0,112131.0,112226.0,112083.0,0,0,143.0,0,137.0,1524.0,11142.0,99471.0,0.0,24.0,20.0,4111,170
1790621214,true,2026-09-28T18:37:51.070743443Z,0,63991808.0,8282112.0,16.0,28973088,18590324,1015619447,5165856.0,126403.0,126505.0,126349.0,0,0,156.0,0,149.0,1749.0,12560.0,112101.0,0.0,24.0,20.0,4362,202
1790621274,true,2026-09-28T18:37:51.070743443Z,0,65843200.0,8167424.0,16.0,32209071,20670926,1138432448,5745403.0,140402.0,140510.0,140342.0,0,0,168.0,0,165.0,1928.0,13930.0,124547.0,0.0,25.0,20.0,4168,200
1790621334,true,2026-09-28T18:37:51.070743443Z,0,65044480.0,7258112.0,16.0,35449087,22744833,1249732091,6329020.0,154478.0,154599.0,154410.0,1.0,0,188.0,0,178.0,2129.0,15362.0,136997.0,0.0,24.0,20.0,4401,190
1790621394,true,2026-09-28T18:37:51.070743443Z,0,65159168.0,7168000.0,16.0,38756369,24896173,1388812499,6926580.0,168680.0,168816.0,168606.0,1.0,0,209.0,0,190.0,2358.0,16738.0,149603.0,0.0,24.0,20.0,4266,170
1790621454,true,2026-09-28T18:37:51.070743443Z,0,65396736.0,6365184.0,16.0,41930235,26947282,1519450358,7491926.0,182806.0,182950.0,182726.0,1.0,0,223.0,0,229.0,2709.0,18091.0,162000.0,0.0,24.0,20.0,4672,166
1790621514,true,2026-09-28T18:37:51.070743443Z,0,64802816.0,8060928.0,16.0,45192639,29063308,1632843287,8087322.0,196928.0,197078.0,196842.0,1.0,0,235.0,0,262.0,2900.0,19510.0,174491.0,0.0,25.0,20.0,4330,178
1790621574,true,2026-09-28T18:37:51.070743443Z,0,65486848.0,6471680.0,16.0,48372036,31081526,1741076436,8651679.0,210811.0,210976.0,210719.0,1.0,0,256.0,0,275.0,3094.0,20881.0,186817.0,0.0,24.0,20.0,4174,194
1790621634,true,2026-09-28T18:37:51.070743443Z,0,65998848.0,7102464.0,16.0,51620611,33138036,1876960515,9223398.0,224862.0,225036.0,224764.0,1.0,0,271.0,0,290.0,3295.0,22247.0,199301.0,0.0,24.0,20.0,4204,170
1790621695,true,2026-09-28T18:37:51.070743443Z,0,67170304.0,8036352.0,16.0,54776480,35185902,2005739799,9789727.0,238804.0,238987.0,238700.0,1.0,0,286.0,0,312.0,3527.0,23644.0,211607.0,0.0,24.0,20.0,4400,166
1790621755,true,2026-09-28T18:37:51.070743443Z,0,65560576.0,9986048.0,16.0,57986172,37278809,2139712748,10357915.0,252912.0,253108.0,252802.0,1.0,0,305.0,0,325.0,3789.0,25000.0,224103.0,0.0,24.0,20.0,4372,208
1790621815,true,2026-09-28T18:37:51.070743443Z,0,65941504.0,6963200.0,16.0,61358156,39534134,2284892698,10948254.0,267450.0,267654.0,267334.0,1.0,0,319.0,0,339.0,4128.0,26417.0,236885.0,0.0,24.0,20.0,4732,176
1790621875,true,2026-09-28T18:37:51.070743443Z,0,65286144.0,6905856.0,16.0,64612842,41714218,2400104783,11523962.0,281548.0,281764.0,281426.0,1.0,0,337.0,0,351.0,4314.0,27755.0,249465.0,0.0,24.0,20.0,4041,142
1790621935,true,2026-09-28T18:37:51.070743443Z,0,67194880.0,10067968.0,16.0,67858485,43850508,2534206120,12096411.0,295450.0,295685.0,295322.0,1.0,0,362.0,0,363.0,4593.0,29080.0,261776.0,0.0,24.0,20.0,4313,200
1790621995,true,2026-09-28T18:37:51.070743443Z,0,66289664.0,10584064.0,16.0,71135453,45951885,2680829769,12686307.0,309470.0,309714.0,309336.0,1.0,0,377.0,0,384.0,4860.0,30426.0,274177.0,0.0,24.0,20.0,4221,190
1790622055,true,2026-09-28T18:37:51.070743443Z,0,66117632.0,6242304.0,16.0,74387372,48019700,2820636699,13263608.0,323595.0,323851.0,323455.0,1.0,0,395.0,0,397.0,5124.0,31815.0,286654.0,0.0,24.0,20.0,4282,192
1790622115,true,2026-09-28T18:37:51.070743443Z,0,64638976.0,5791744.0,16.0,77580388,50071383,2953654070,13833330.0,337589.0,337855.0,337443.0,1.0,0,411.0,0,410.0,5307.0,33161.0,299122.0,0.0,24.0,20.0,4018,218
1790622175,true,2026-09-28T18:37:51.070743443Z,0,64024576.0,6242304.0,16.0,80790671,52139563,3093582380,14402820.0,351763.0,352039.0,351611.0,1.0,0,427.0,0,426.0,5578.0,34529.0,311657.0,0.0,24.0,20.0,4326,194
1790622235,true,2026-09-28T18:37:51.070743443Z,0,64585728.0,6070272.0,16.0,84167051,54251300,3236888491,14992483.0,366201.0,366487.0,366042.0,1.0,0,444.0,0,442.0,6006.0,35880.0,324317.0,0.0,24.0,20.0,4667,188
1790622296,true,2026-09-28T18:37:51.070743443Z,0,67047424.0,9871360.0,16.0,87497192,56367985,3386072124,15581488.0,380418.0,380710.0,380253.0,1.0,0,456.0,0,456.0,6362.0,37277.0,336779.0,0.0,24.0,20.0,4627,174
1790622356,true,2026-09-28T18:37:51.070743443Z,0,67215360.0,5799936.0,16.0,90736154,58450389,3509711281,16162578.0,394584.0,394887.0,394413.0,1.0,0,473.0,0,472.0,6651.0,38703.0,349231.0,0.0,25.0,20.0,4505,198
1790622416,true,2026-09-28T18:37:51.070743443Z,0,66015232.0,7839744.0,16.0,93867790,60470418,3651165867,16725564.0,408750.0,409061.0,408573.0,1.0,0,487.0,0,491.0,6837.0,40150.0,361759.0,0.0,24.0,20.0,4326,192
1790622476,true,2026-09-28T18:37:51.070743443Z,0,67153920.0,7036928.0,16.0,97037826,62470336,3777730921,17284448.0,422897.0,423216.0,422714.0,1.0,0,501.0,0,503.0,7020.0,41499.0,374376.0,0.0,24.0,20.0,4012,170
1790622536,true,2026-09-28T18:37:51.070743443Z,0,68915200.0,10502144.0,16.0,100242911,64554159,3901302894,17857235.0,436945.0,437278.0,436756.0,1.0,0,521.0,0,530.0,7215.0,42878.0,386843.0,0.0,24.0,20.0,4135,210
1790622596,true,2026-09-28T18:37:51.070743443Z,0,68493312.0,9314304.0,16.0,103495665,66713163,4041557121,18439259.0,451106.0,451446.0,450911.0,1.0,0,534.0,0,547.0,7608.0,44255.0,399230.0,0.0,24.0,20.0,4525,192
1790622656,true,2026-09-28T18:37:51.070743443Z,0,65277952.0,8052736.0,16.0,106682515,68903590,4158756863,19011295.0,465385.0,465734.0,465184.0,1.0,0,549.0,0,560.0,7815.0,45678.0,411881.0,0.0,24.0,20.0,4267,148
1790622716,true,2026-09-28T18:37:51.070743443Z,0,67338240.0,7069696.0,16.0,109915060,71057187,4294801387,19587415.0,479572.0,479933.0,479365.0,1.0,0,567.0,0,578.0,8040.0,47045.0,424476.0,0.0,24.0,20.0,4202,176
1790622776,true,2026-09-28T18:37:51.070743443Z,0,68730880.0,8069120.0,16.0,113135030,73278205,4412341718,20172428.0,493674.0,494044.0,493461.0,1.0,0,582.0,0,590.0,8242.0,48350.0,437074.0,0.0,24.0,20.0,3997,194
1790622836,true,2026-09-28T18:37:51.070743443Z,0,64188416.0,5586944.0,16.0,116324163,75519516,4550334859,20746512.0,507863.0,508241.0,507644.0,1.0,0,596.0,0,607.0,8509.0,49714.0,449629.0,0.0,24.0,20.0,4372,228
1790622896,true,2026-09-28T18:37:51.070743443Z,0,67837952.0,9551872.0,16.0,119565161,77725635,4696146599,21320330.0,521821.0,522205.0,521596.0,1.0,0,608.0,0,619.0,8832.0,51102.0,461876.0,0.0,24.0,20.0,4588,176
1790622957,true,2026-09-28T18:37:51.070743443Z,0,67309568.0,9756672.0,16.0,122725239,79880452,4825846991,21884506.0,535833.0,536229.0,535602.0,1.0,0,626.0,0,631.0,9031.0,52405.0,474392.0,0.0,24.0,20.0,3907,206
1790623017,true,2026-09-28T18:37:51.070743443Z,0,68435968.0,9904128.0,16.0,125809690,81985218,4955279535,22441634.0,549692.0,550101.0,549455.0,1.0,0,645.0,0,656.0,9240.0,53794.0,486647.0,0.0,24.0,20.0,4256,192
1790623077,true,2026-09-28T18:37:51.070743443Z,0,67067904.0,8060928.0,16.0,129043302,84114537,5086535905,23028316.0,563483.0,563903.0,563240.0,1.0,0,662.0,0,668.0,9456.0,55161.0,498860.0,0.0,24.0,20.0,4177,186
1790623137,true,2026-09-28T18:37:51.070743443Z,0,70094848.0,7741440.0,16.0,132270470,86260645,5228493159,23595630.0,577616.0,578047.0,577367.0,1.0,0,679.0,0,687.0,9841.0,56478.0,511289.0,0.0,25.0,20.0,4352,154
1790623197,true,2026-09-28T18:37:51.070743443Z,0,67383296.0,7643136.0,16.0,135482931,88310008,5355434768,24162827.0,591623.0,592062.0,591368.0,1.0,0,693.0,0,713.0,10091.0,57791.0,523721.0,0.0,24.0,20.0,4075,188
1790623257,true,2026-09-28T18:37:51.070743443Z,0,67444736.0,8650752.0,16.0,138800519,90462685,5529628159,24746751.0,605640.0,606085.0,605377.0,3.0,0,705.0,0,736.0,10451.0,59164.0,535994.0,0.0,24.0,20.0,4614,200
1790623317,true,2026-09-28T18:37:51.070743443Z,0,68325376.0,8478720.0,16.0,142056831,92592783,5683502271,25321405.0,619778.0,620233.0,619509.0,3.0,0,721.0,0,754.0,10740.0,60531.0,548474.0,0.0,24.0,20.0,4334,184
1790623377,true,2026-09-28T18:37:51.070743443Z,0,66486272.0,6578176.0,16.0,145178371,94745622,5817581297,25880177.0,633796.0,634264.0,633521.0,3.0,0,740.0,0,766.0,10947.0,61916.0,560907.0,0.0,24.0,20.0,4164,234
1790623437,true,2026-09-28T18:37:51.070743443Z,0,67846144.0,8364032.0,16.0,148355958,96975084,5963915369,26444926.0,647848.0,648325.0,647567.0,3.0,0,755.0,0,779.0,11234.0,63320.0,573270.0,0.0,24.0,20.0,4442,182
1790623497,true,2026-09-28T18:37:51.070743443Z,0,67043328.0,9314304.0,16.0,151534971,99090009,6099445909,27008508.0,661982.0,662473.0,661695.0,3.0,0,775.0,0,794.0,11422.0,64723.0,585818.0,0.0,24.0,20.0,4182,202
1790623558,true,2026-09-28T18:37:51.070743443Z,0,67710976.0,8945664.0,16.0,154713776,101230114,6236178704,27572008.0,675964.0,676463.0,675671.0,3.0,0,789.0,0,808.0,11654.0,66142.0,598149.0,0.0,24.0,20.0,4290,192
1790623618,true,2026-09-28T18:37:51.070743443Z,0,67915776.0,10346496.0,16.0,157936900,103417078,6373989489,28139969.0,690078.0,690586.0,689779.0,3.0,0,804.0,0,835.0,11974.0,67479.0,610594.0,0.0,24.0,20.0,4388,168
1790623678,true,2026-09-28T18:37:51.070743443Z,0,70144000.0,9895936.0,16.0,161222337,105616450,6519085270,28716633.0,704413.0,704927.0,704108.0,3.0,0,816.0,0,853.0,12269.0,68834.0,623273.0,0.0,24.0,20.0,4239,194
1790623738,true,2026-09-28T18:37:51.070743443Z,0,66457600.0,9609216.0,16.0,164510351,107765502,6664619811,29296081.0,718652.0,719177.0,718341.0,3.0,0,833.0,0,867.0,12539.0,70295.0,635784.0,0.0,24.0,20.0,4392,218
1790623798,true,2026-09-28T18:37:51.070743443Z,0,66310144.0,6864896.0,16.0,167670607,109853298,6785470465,29857530.0,732893.0,733426.0,732576.0,3.0,0,847.0,0,879.0,12744.0,71679.0,648438.0,0.0,24.0,20.0,4032,200
1790623858,true,2026-09-28T18:37:51.070743443Z,0,67837952.0,8355840.0,16.0,170874982,112015405,6907112196,30433715.0,746752.0,747293.0,746429.0,3.0,0,861.0,0,893.0,12966.0,73060.0,660694.0,0.0,24.0,20.0,4134,186
1790623918,true,2026-09-28T18:37:51.070743443Z,0,68673536.0,7315456.0,16.0,174177113,114182082,7048474396,31022866.0,760934.0,761486.0,760605.0,3.0,0,878.0,0,905.0,13205.0,74489.0,673213.0,0.0,24.0,20.0,4188,206
1790623978,true,2026-09-28T18:37:51.070743443Z,0,66629632.0,7593984.0,16.0,177485825,116408504,7207796495,31602676.0,775123.0,775683.0,774788.0,3.0,0,892.0,0,949.0,13690.0,75874.0,685502.0,0.0,24.0,20.0,4643,226
1790624038,true,2026-09-28T18:37:51.070743443Z,0,68096000.0,8699904.0,16.0,180763783,118581075,7355262745,32177351.0,789237.0,789811.0,788896.0,3.0,0,912.0,0,981.0,14221.0,77285.0,697662.0,0.0,24.0,20.0,5064,182
1790624098,true,2026-09-28T18:37:51.070743443Z,0,68190208.0,8355840.0,16.0,184050849,120754896,7518676813,32751955.0,803556.0,804137.0,803209.0,3.0,0,925.0,0,1007.0,14465.0,78691.0,710318.0,0.0,24.0,20.0,4340,212
1790624159,true,2026-09-28T18:37:51.070743443Z,0,67231744.0,8953856.0,16.0,187378532,122941824,7666288296,33338031.0,817804.0,818393.0,817451.0,3.0,0,939.0,0,1021.0,14697.0,80115.0,722910.0,0.0,24.0,20.0,4321,190
1790624219,true,2026-09-28T18:37:51.070743443Z,0,70504448.0,8323072.0,16.0,190623948,125010705,7817547357,33909288.0,831856.0,832454.0,831497.0,3.0,0,954.0,0,1033.0,15024.0,81527.0,735226.0,0.0,25.0,20.0,4585,224
1790624279,true,2026-09-28T18:37:51.070743443Z,0,67592192.0,11386880.0,16.0,193882610,127103991,7947335063,34498984.0,845885.0,846491.0,845520.0,3.0,0,968.0,0,1087.0,15272.0,82914.0,747580.0,0.0,24.0,20.0,4390,262
1790624339,true,2026-09-28T18:37:51.070743443Z,0,69947392.0,9781248.0,16.0,197077307,129142181,8096183330,35066142.0,859985.0,860599.0,859615.0,3.0,0,982.0,0,1099.0,15464.0,84273.0,760132.0,0.0,24.0,20.0,4084,172
1790624399,true,2026-09-28T18:37:51.070743443Z,0,68657152.0,11378688.0,16.0,200220717,131168153,8229108089,35629336.0,873939.0,874559.0,873562.0,3.0,0,994.0,0,1121.0,15655.0,85609.0,772548.0,0.0,24.0,20.0,4089,188
1790624459,true,2026-09-28T18:37:51.070743443Z,0,65740800.0,8437760.0,16.0,203331019,133158157,8362441591,36179086.0,887916.0,888542.0,887533.0,3.0,0,1006.0,0,1133.0,15875.0,86984.0,784930.0,0.0,24.0,20.0,4177,194
1790624519,true,2026-09-28T18:37:51.070743443Z,0,67960832.0,7700480.0,16.0,206668193,135299110,8517337833,36771463.0,902057.0,902690.0,901668.0,3.0,0,1019.0,0,1154.0,16221.0,88387.0,797314.0,0.0,24.0,19.0,4530,200
1790624579,true,2026-09-28T18:37:51.070743443Z,0,68055040.0,7970816.0,16.0,209945443,137443638,8657415023,37361114.0,916225.0,916864.0,915830.0,3.0,0,1031.0,0,1168.0,16502.0,89788.0,809798.0,0.0,24.0,19.0,4511,204
1790624639,true,2026-09-28T18:37:51.070743443Z,0,69029888.0,8355840.0,16.0,213197857,139547531,8787218095,37946708.0,930398.0,931045.0,929997.0,3.0,0,1045.0,0,1181.0,16758.0,91102.0,822402.0,0.0,25.0,20.0,4171,172
1790624699,true,2026-09-28T18:37:51.070743443Z,0,66949120.0,7356416.0,16.0,216382334,141632638,8920748628,38528189.0,944376.0,945030.0,943969.0,3.0,0,1058.0,0,1193.0,17059.0,92459.0,834723.0,0.0,24.0,20.0,4329,190
1790624760,true,2026-09-28T18:37:51.070743443Z,0,69464064.0,7536640.0,16.0,219535060,143617562,9064798166,39078220.0,958037.0,958697.0,957624.0,3.0,0,1070.0,0,1217.0,17397.0,93798.0,846695.0,0.0,24.0,20.0,4417,184
1790624820,true,2026-09-28T18:37:51.070743443Z,0,66736128.0,7323648.0,16.0,222740695,145666348,9187737686,39649753.0,972198.0,972865.0,971779.0,3.0,0,1083.0,0,1229.0,17596.0,95154.0,859302.0,0.0,24.0,20.0,4131,154
1790624880,true,2026-09-28T18:37:51.070743443Z,0,67244032.0,8282112.0,16.0,225989946,147758503,9324696738,40233076.0,986281.0,986956.0,985856.0,3.0,0,1097.0,0,1248.0,17811.0,96513.0,871806.0,0.0,24.0,20.0,4219,186
1790624940,true,2026-09-28T18:37:51.070743443Z,0,67399680.0,5849088.0,16.0,229383424,149914241,9495142482,40831252.0,1000589.0,1001270.0,1000158.0,3.0,0,1109.0,0,1269.0,18146.0,97909.0,884374.0,0.0,24.0,20.0,4675,214
1790625000,true,2026-09-28T18:37:51.070743443Z,0,67989504.0,6619136.0,16.0,232692681,152032976,9653768351,41419037.0,1014649.0,1015336.0,1014212.0,3.0,0,1121.0,0,1288.0,18483.0,99238.0,896761.0,0.0,24.0,20.0,4168,186
1790625060,true,2026-09-28T18:37:51.070743443Z,0,67821568.0,7561216.0,16.0,235895445,154075974,9775561717,41991899.0,1028689.0,1029383.0,1028246.0,3.0,0,1134.0,0,1317.0,18712.0,100652.0,909142.0,0.0,24.0,20.0,4433,216
1790625120,true,2026-09-28T18:37:51.070743443Z,0,67088384.0,7774208.0,16.0,239178200,156181790,9919062795,42578921.0,1043011.0,1043712.0,1042562.0,3.0,0,1147.0,0,1336.0,19019.0,102038.0,921765.0,0.0,24.0,20.0,4617,172
1790625180,true,2026-09-28T18:37:51.070743443Z,0,67645440.0,6709248.0,14.0,242441229,158280816,10063847080,43158957.0,1057337.0,1058044.0,1056882.0,3.0,0,1159.0,0,1357.0,19287.0,103438.0,934414.0,0.0,24.0,20.0,4384,216
1790625240,true,2026-09-28T18:37:51.070743443Z,0,67809280.0,8118272.0,16.0,245678917,160352602,10189434926,43733112.0,1071419.0,1072134.0,1070959.0,3.0,0,1172.0,0,1370.0,19486.0,104800.0,946935.0,0.0,24.0,20.0,4135,170
1790625301,true,2026-09-28T18:37:51.070743443Z,0,66670592.0,6365184.0,16.0,248854998,162385876,10321052888,44294470.0,1085642.0,1086365.0,1085176.0,3.0,0,1186.0,0,1386.0,19708.0,106217.0,959517.0,0.0,24.0,20.0,4426,204
1790625361,true,2026-09-28T18:37:51.070743443Z,0,69455872.0,10592256.0,16.0,252133234,164492991,10463283727,44880667.0,1099919.0,1100649.0,1099447.0,3.0,0,1199.0,0,1398.0,20001.0,107681.0,972038.0,0.0,24.0,20.0,4613,210
1790625421,true,2026-09-28T18:37:51.070743443Z,0,66277376.0,7192576.0,16.0,255316522,166531502,10597773076,45446290.0,1113819.0,1114555.0,1113341.0,3.0,0,1211.0,0,1412.0,20209.0,109069.0,984340.0,0.0,24.0,19.0,4207,174
1790625481,true,2026-09-28T18:37:51.070743443Z,0,68079616.0,6266880.0,16.0,258493639,168588142,10723448846,46014622.0,1127955.0,1128701.0,1127471.0,3.0,0,1227.0,0,1424.0,20427.0,110459.0,996872.0,0.0,24.0,20.0,4366,194
1790625541,true,2026-09-28T18:37:51.070743443Z,0,67534848.0,8331264.0,16.0,261757157,170674939,10855119805,46596874.0,1141911.0,1142663.0,1141421.0,3.0,0,1239.0,0,1436.0,20627.0,111848.0,1009239.0,0.0,24.0,20.0,4335,234
1790625601,true,2026-09-28T18:37:51.070743443Z,0,70557696.0,7372800.0,16.0,265039026,172791954,11002487712,47187248.0,1156100.0,1156863.0,1155604.0,3.0,0,1256.0,0,1450.0,20893.0,113236.0,1021777.0,0.0,24.0,20.0,4477,192
1790625661,true,2026-09-28T18:37:51.070743443Z,0,69959680.0,11485184.0,16.0,268294871,174957254,11142709231,47774586.0,1170230.0,1170999.0,1169728.0,3.0,0,1268.0,0,1465.0,21158.0,114613.0,1034262.0,0.0,24.0,20.0,4365,230
1790625721,true,2026-09-28T18:37:51.070743443Z,0,68497408.0,12206080.0,16.0,271621869,177224000,11299658704,48351937.0,1184196.0,1184971.0,1183688.0,3.0,0,1280.0,0,1500.0,21571.0,115900.0,1046505.0,0.0,25.0,20.0,4521,162
1790625781,true,2026-09-28T18:37:51.070743443Z,0,66842624.0,7184384.0,16.0,274823835,179351759,11437770040,48925130.0,1198463.0,1199246.0,1197949.0,3.0,0,1294.0,0,1516.0,21801.0,117309.0,1059131.0,0.0,24.0,19.0,4438,214
1790625841,true,2026-09-28T18:37:51.070743443Z,0,69410816.0,8790016.0,16.0,278104319,181548571,11596679380,49510020.0,1212811.0,1213601.0,1212291.0,3.0,0,1307.0,0,1538.0,22230.0,118717.0,1071633.0,0.0,24.0,20.0,4908,206
1790625902,true,2026-09-28T18:37:51.070743443Z,0,69730304.0,8945664.0,16.0,281255931,183609797,11728703116,50069778.0,1226753.0,1227551.0,1226227.0,3.0,0,1321.0,0,1550.0,22476.0,120126.0,1083922.0,0.0,24.0,20.0,4507,220
1790625962,true,2026-09-28T18:37:51.070743443Z,0,68292608.0,6742016.0,16.0,284404403,185757362,11854214931,50625255.0,1240667.0,1241473.0,1240135.0,3.0,0,1335.0,0,1564.0,22675.0,121533.0,1096230.0,0.0,24.0,20.0,4311,204
1790626022,true,2026-09-28T18:37:51.070743443Z,0,66433024.0,8830976.0,16.0,287687531,187967246,11994401300,51212116.0,1254677.0,1255491.0,1254139.0,3.0,0,1349.0,0,1578.0,22916.0,122940.0,1108592.0,0.0,24.0,20.0,4387,212
1790626097,true,2026-09-28T18:37:51.070743443Z,0,67538944.0,7929856.0,16.0,290475167,189804909,12090245277,51693045.0,1266698.0,1267518.0,1266155.0,3.0,0,1360.0,0,1590.0,23131.0,124107.0,1119230.0,0.0,25.0,20.0,2910,104
