rep,config,tps,lat_ms,pgbouncer_cpu_pct,agent_cpu_pct,agent_rss_mb,vt_cpu_pct,vt_rss_mb,client_q_per_s,spans_created_per_s,spans_exported_per_s,export_failed_batches,export_backlog,export_dropped_spans,kernel_drops,vt_stored_spans,vt_lag_s
1,off,85521,11.69,65.5,,,0.0,9,,,,,,,,,
1,ratio-0.1,68060,14.69,69.6,49.7,182,17.9,699,66653,13341,13341,0,0,0,0,536917,0
1,ratio-1.0,61432,16.28,69.6,66.9,273,112.1,1919,60195,120391,120391,0,0,0,0,4983954,0
2,off,85216,11.73,65.4,,,10.5,1960,,,,,,,,,
2,ratio-0.1,68325,14.64,69.8,49.5,181,14.0,1924,66924,13332,13332,0,0,0,0,516410,0
2,ratio-1.0,61169,16.35,69.6,67.6,272,119.4,2474,59946,119892,119892,0,0,0,0,4798907,0
3,off,83988,11.91,65.3,,,13.2,2212,,,,,,,,,
3,ratio-0.1,67678,14.78,69.8,48.8,184,13.7,2234,66305,13251,13251,0,0,0,0,485969,0
3,ratio-1.0,61555,16.25,69.7,67.0,270,113.4,2580,60322,120645,120645,0,0,0,0,4596528,0
