rep,config,tps,lat_ms,pgbouncer_cpu_pct,agent_cpu_pct,agent_rss_mb,vt_cpu_pct,vt_rss_mb,client_q_per_s,spans_created_per_s,spans_exported_per_s,export_failed_batches,export_backlog,kernel_drops,vt_stored_spans,vt_lag_s
1,off,85134,11.75,65.6,,,0.0,9,,,,,,,,
1,ratio-0.1,67779,14.75,68.3,72.9,81,16.9,557,66396,13254,13254,0,0,0,504116,0
1,ratio-1.0,61390,16.29,68.1,203.7,318,81.0,1601,60148,120296,91433,0,865872,0,3555144,0
2,off,83934,11.91,65.3,,,11.0,1667,,,,,,,,
2,ratio-0.1,67964,14.71,68.3,75.2,81,14.6,1669,66578,13336,13336,0,0,0,538698,0
2,ratio-1.0,60779,16.45,68.2,201.8,339,82.7,2071,59555,119110,91433,0,830308,0,3747307,0
3,off,84534,11.83,65.4,,,7.5,2010,,,,,,,,
3,ratio-0.1,67627,14.79,68.2,74.0,83,13.0,2011,66246,13202,13202,0,0,0,519974,0
3,ratio-1.0,60843,16.44,68.5,203.3,328,78.7,2134,59620,119241,91993,0,817438,0,3724810,0
