ts,agent_running,agent_started,agent_restarts,agent_rss,agent_heap_inuse,goroutines,agent_cpu_usec,pgbouncer_cpu_usec,postgres_cpu_usec,events,q_client,q_server,corr_exact,corr_inferred,corr_internal,corr_none,corr_orphan,kept_error,kept_slow,kept_parent,kept_ratio,dropped,kernel_drops,conns_client,conns_server,vt_spans_1m,vt_truncated_1m
1790674251,true,2026-09-29T09:30:49.004912989Z,0,62742528.0,6586368.0,15.0,95512,44005,2191980,1155.0,204.0,209.0,204.0,0,5.0,0,0,0,0,0,25.0,179.0,0.0,0,0,0,0
1790674311,true,2026-09-29T09:30:49.004912989Z,0,71852032.0,11657216.0,16.0,2745135,2158185,76040300,600632.0,14368.0,14393.0,14362.0,0,31.0,0,0,14.0,152.0,0,1415.0,12787.0,0.0,24.0,18.0,4125,210
1790674371,true,2026-09-29T09:30:49.004912989Z,0,71782400.0,10084352.0,16.0,5463209,4247239,196325799,1178484.0,28707.0,28748.0,28695.0,0,45.0,8.0,0,27.0,342.0,0,2825.0,25521.0,0.0,24.0,20.0,4292,184
1790674431,true,2026-09-29T09:30:49.004912989Z,0,70045696.0,14745600.0,16.0,8163312,6305107,319415874,1749201.0,42660.0,42711.0,42642.0,0,57.0,12.0,0,50.0,562.0,0,4223.0,37837.0,0.0,25.0,20.0,4320,174
1790674491,true,2026-09-29T09:30:49.004912989Z,0,71708672.0,14868480.0,16.0,10872391,8394622,443775601,2327868.0,56832.0,56897.0,56808.0,0,69.0,20.0,0,64.0,794.0,0,5639.0,50355.0,0.0,24.0,20.0,4304,172
1790674551,true,2026-09-29T09:30:49.004912989Z,0,71823360.0,14737408.0,16.0,13531333,10410862,560765589,2886624.0,71036.0,71113.0,71006.0,0,81.0,26.0,0,76.0,1035.0,0,7024.0,62927.0,0.0,24.0,20.0,4324,156
1790674611,true,2026-09-29T09:30:49.004912989Z,0,71819264.0,15015936.0,16.0,16186307,12451784,663214654,3451089.0,85078.0,85166.0,85041.0,1.0,93.0,31.0,0,118.0,1304.0,0,8333.0,75354.0,0.0,24.0,20.0,4263,218
1790674671,true,2026-09-29T09:30:49.004912989Z,0,72425472.0,16564224.0,16.0,18968426,14561780,817872619,4032663.0,99233.0,99327.0,99190.0,1.0,105.0,31.0,0,152.0,1525.0,0,9681.0,87906.0,0.0,24.0,20.0,4355,232
1790674732,true,2026-09-29T09:30:49.004912989Z,0,71819264.0,13197312.0,16.0,21753850,16680586,969684165,4621433.0,113438.0,113543.0,113389.0,1.0,117.0,36.0,0,173.0,1908.0,0,11022.0,100371.0,0.0,24.0,20.0,4632,186
1790674792,true,2026-09-29T09:30:49.004912989Z,0,72474624.0,11616256.0,16.0,24383872,18675782,1096852680,5172086.0,127387.0,127498.0,127332.0,1.0,129.0,36.0,0,197.0,2207.0,0,12385.0,112634.0,0.0,25.0,20.0,4438,196
1790674852,true,2026-09-29T09:30:49.004912989Z,0,70447104.0,13975552.0,16.0,27041306,20715405,1221605128,5736352.0,141327.0,141447.0,141266.0,1.0,141.0,39.0,0,210.0,2443.0,0,13815.0,124898.0,0.0,24.0,20.0,4566,190
1790674912,true,2026-09-29T09:30:49.004912989Z,0,72839168.0,11444224.0,16.0,29752473,22764883,1352649958,6296879.0,155487.0,155615.0,155420.0,1.0,153.0,41.0,0,232.0,2644.0,0,15224.0,137428.0,0.0,25.0,20.0,4439,180
1790674972,true,2026-09-29T09:30:49.004912989Z,0,72335360.0,12402688.0,16.0,32453153,24807069,1490076183,6857413.0,169564.0,169703.0,169491.0,1.0,165.0,46.0,0,249.0,2925.0,0,16586.0,149850.0,0.0,24.0,20.0,4458,180
1790675032,true,2026-09-29T09:30:49.004912989Z,0,74977280.0,10928128.0,16.0,35101868,26830279,1640867774,7413649.0,183655.0,183800.0,183576.0,1.0,177.0,46.0,0,265.0,3302.0,0,17904.0,162230.0,0.0,24.0,20.0,4647,194
1790675092,true,2026-09-29T09:30:49.004912989Z,0,76328960.0,14475264.0,16.0,37810600,28904689,1775909893,7990843.0,197679.0,197832.0,197593.0,2.0,189.0,48.0,0,277.0,3559.0,0,19279.0,174612.0,0.0,25.0,20.0,4446,194
1790675152,true,2026-09-29T09:30:49.004912989Z,0,74403840.0,14172160.0,16.0,40476012,30961804,1909529947,8565090.0,211750.0,211909.0,211658.0,2.0,201.0,48.0,0,289.0,3796.0,0,20638.0,187075.0,0.0,24.0,20.0,4344,184
1790675212,true,2026-09-29T09:30:49.004912989Z,0,74321920.0,13410304.0,17.0,43108037,32974177,2041869082,9125781.0,225853.0,226024.0,225755.0,2.0,213.0,54.0,0,306.0,4041.0,0,22045.0,199515.0,0.0,24.0,20.0,4487,200
1790675273,true,2026-09-29T09:30:49.004912989Z,0,76349440.0,14213120.0,16.0,45818740,35052628,2197083052,9701216.0,239917.0,240099.0,239813.0,2.0,225.0,59.0,0,321.0,4418.0,0,23381.0,211856.0,0.0,24.0,20.0,4457,202
1790675333,true,2026-09-29T09:30:49.004912989Z,0,76275712.0,15392768.0,16.0,48525957,37122271,2358111229,10272615.0,254187.0,254375.0,254077.0,2.0,237.0,59.0,0,342.0,4990.0,0,24735.0,224179.0,0.0,24.0,20.0,4949,182
1790675393,true,2026-09-29T09:30:49.004912989Z,0,76742656.0,12099584.0,16.0,51254928,39203269,2508134337,10853383.0,268210.0,268408.0,268093.0,3.0,249.0,63.0,0,355.0,5337.0,0,26129.0,236452.0,0.0,24.0,20.0,4600,206
1790675453,true,2026-09-29T09:30:49.004912989Z,0,74092544.0,10625024.0,16.0,53963411,41291453,2644283647,11439377.0,282252.0,282457.0,282129.0,3.0,261.0,64.0,0,367.0,5583.0,0,27627.0,248739.0,0.0,24.0,20.0,4652,194
1790675513,true,2026-09-29T09:30:49.004912989Z,0,75173888.0,12197888.0,16.0,56638235,43322336,2787238932,12003738.0,296187.0,296398.0,296058.0,3.0,273.0,64.0,0,384.0,5886.0,0,28929.0,261052.0,0.0,24.0,20.0,4347,172
1790675573,true,2026-09-29T09:30:49.004912989Z,0,74846208.0,15106048.0,16.0,59352806,45407222,2926459351,12583722.0,310268.0,310485.0,310132.0,4.0,285.0,64.0,0,404.0,6175.0,0,30334.0,273419.0,0.0,24.0,20.0,4572,244
1790675633,true,2026-09-29T09:30:49.004912989Z,0,77422592.0,13762560.0,16.0,62059413,47483164,3051811314,13165464.0,324243.0,324468.0,324101.0,4.0,297.0,66.0,0,417.0,6402.0,0,31713.0,285777.0,0.0,24.0,20.0,4357,208
1790675693,true,2026-09-29T09:30:49.004912989Z,0,74190848.0,12500992.0,16.0,64773520,49570449,3183895302,13744145.0,338561.0,338792.0,338413.0,4.0,309.0,66.0,0,430.0,6692.0,0,33175.0,298330.0,0.0,24.0,20.0,4677,198
1790675753,true,2026-09-29T09:30:49.004912989Z,0,74465280.0,14876672.0,16.0,67460075,51620344,3312530504,14316877.0,352812.0,353050.0,352659.0,4.0,321.0,67.0,0,445.0,6936.0,0,34503.0,310996.0,0.0,24.0,20.0,4242,208
1790675814,true,2026-09-29T09:30:49.004912989Z,0,74960896.0,15613952.0,16.0,70136799,53658398,3447706817,14884806.0,366721.0,366966.0,366561.0,4.0,333.0,68.0,0,459.0,7232.0,0,35887.0,323211.0,0.0,24.0,20.0,4491,176
1790675874,true,2026-09-29T09:30:49.004912989Z,0,73551872.0,13811712.0,16.0,72843193,55717096,3587187752,15456777.0,380877.0,381128.0,380711.0,4.0,345.0,68.0,0,486.0,7486.0,0,37316.0,335657.0,0.0,24.0,20.0,4484,190
1790675934,true,2026-09-29T09:30:49.004912989Z,0,73179136.0,14467072.0,16.0,75535182,57757289,3715484466,16028905.0,394978.0,395238.0,394806.0,4.0,357.0,71.0,0,498.0,7727.0,0,38696.0,348128.0,0.0,24.0,20.0,4361,174
1790675994,true,2026-09-29T09:30:49.004912989Z,0,73293824.0,10993664.0,16.0,78171770,59789315,3854312269,16593593.0,409142.0,409410.0,408964.0,4.0,369.0,73.0,0,521.0,7954.0,0,40027.0,360713.0,0.0,24.0,20.0,4302,164
1790676054,true,2026-09-29T09:30:49.004912989Z,0,73678848.0,15024128.0,16.0,80872246,61864527,3970728833,17177479.0,423359.0,423633.0,423175.0,4.0,381.0,73.0,0,548.0,8216.0,0,41430.0,373238.0,0.0,24.0,20.0,4510,216
1790676114,true,2026-09-29T09:30:49.004912989Z,0,73043968.0,13926400.0,16.0,83734538,64012923,4188059291,17768057.0,437620.0,437900.0,437430.0,4.0,393.0,73.0,0,576.0,8888.0,0,42768.0,385461.0,0.0,24.0,20.0,5366,222
1790676174,true,2026-09-29T09:30:49.004912989Z,0,74227712.0,12320768.0,16.0,86431440,66083905,4314931913,18349029.0,451629.0,451915.0,451432.0,5.0,405.0,73.0,0,595.0,9250.0,0,44145.0,397712.0,0.0,24.0,20.0,4748,198
1790676234,true,2026-09-29T09:30:49.004912989Z,0,74813440.0,14811136.0,16.0,89127879,68147698,4478418391,18921041.0,465662.0,465956.0,465459.0,5.0,417.0,75.0,0,617.0,9495.0,0,45526.0,410099.0,0.0,24.0,20.0,4479,162
1790676294,true,2026-09-29T09:30:49.004912989Z,0,73977856.0,16171008.0,16.0,91806146,70319034,4616741360,19490414.0,479536.0,479836.0,479327.0,5.0,429.0,75.0,0,645.0,9811.0,0,46898.0,422257.0,0.0,24.0,20.0,4634,204
1790676354,true,2026-09-29T09:30:49.004912989Z,0,76570624.0,12500992.0,16.0,94463145,72356810,4775574482,20042968.0,493498.0,493807.0,493283.0,5.0,441.0,78.0,0,667.0,10247.0,0,48187.0,434475.0,0.0,24.0,20.0,4708,178
1790676415,true,2026-09-29T09:30:49.004912989Z,0,76537856.0,11862016.0,16.0,97148828,74450340,4911779047,20612596.0,507647.0,507963.0,507426.0,5.0,453.0,79.0,0,697.0,10493.0,0,49570.0,446966.0,0.0,24.0,20.0,4363,184
1790676475,true,2026-09-29T09:30:49.004912989Z,0,73756672.0,10846208.0,16.0,99812706,76678717,5055285806,21181639.0,521777.0,522100.0,521550.0,5.0,465.0,80.0,0,714.0,10747.0,0,50948.0,459448.0,0.0,24.0,20.0,4410,180
1790676535,true,2026-09-29T09:30:49.004912989Z,0,75448320.0,15949824.0,16.0,102498650,78854483,5198432777,21752556.0,536041.0,536373.0,535807.0,6.0,477.0,83.0,0,740.0,11038.0,0,52376.0,471970.0,0.0,24.0,20.0,4633,228
1790676595,true,2026-09-29T09:30:49.004912989Z,0,74383360.0,11509760.0,16.0,105116449,80934500,5305873050,22311377.0,549912.0,550254.0,549672.0,6.0,489.0,87.0,0,752.0,11274.0,0,53729.0,484244.0,0.0,24.0,20.0,4251,200
1790676655,true,2026-09-29T09:30:49.004912989Z,0,75866112.0,15171584.0,16.0,107742143,83049532,5441581569,22872601.0,563847.0,564200.0,563601.0,6.0,501.0,92.0,0,779.0,11514.0,0,55039.0,496607.0,0.0,24.0,20.0,4147,182
1790676715,true,2026-09-29T09:30:49.004912989Z,0,74928128.0,15343616.0,16.0,110374994,85136604,5580825317,23435691.0,577871.0,578231.0,577618.0,7.0,513.0,93.0,0,791.0,11782.0,0,56419.0,508972.0,0.0,24.0,20.0,4362,202
1790676775,true,2026-09-29T09:30:49.004912989Z,0,74633216.0,11804672.0,16.0,113088244,87228723,5722851344,24019795.0,592124.0,592496.0,591865.0,7.0,525.0,99.0,0,804.0,12060.0,0,57879.0,521480.0,0.0,24.0,20.0,4623,190
1790676835,true,2026-09-29T09:30:49.004912989Z,0,75186176.0,11296768.0,16.0,115745489,89379179,5860307021,24585862.0,606039.0,606417.0,605774.0,7.0,537.0,99.0,0,816.0,12423.0,0,59318.0,533581.0,0.0,24.0,20.0,4777,206
1790676895,true,2026-09-29T09:30:49.004912989Z,0,73846784.0,12255232.0,16.0,118435087,91496847,6005461633,25165142.0,620130.0,620517.0,619859.0,7.0,549.0,102.0,0,838.0,12651.0,0,60680.0,546063.0,0.0,24.0,20.0,4245,196
1790676955,true,2026-09-29T09:30:49.004912989Z,0,74162176.0,14360576.0,16.0,121135912,93639806,6155835478,25737468.0,634025.0,634420.0,633748.0,7.0,561.0,104.0,0,861.0,13033.0,0,62037.0,558198.0,0.0,24.0,20.0,4655,196
1790677016,true,2026-09-29T09:30:49.004912989Z,0,74113024.0,13328384.0,16.0,123796367,95734735,6301772693,26303979.0,648027.0,648428.0,647744.0,7.0,573.0,104.0,0,874.0,13330.0,0,63428.0,570499.0,0.0,24.0,20.0,4440,190
1790677076,true,2026-09-29T09:30:49.004912989Z,0,74338304.0,11919360.0,16.0,126478731,97804494,6446014543,26882580.0,662127.0,662535.0,661838.0,7.0,585.0,105.0,0,888.0,13588.0,0,64815.0,582941.0,0.0,24.0,20.0,4287,204
1790677136,true,2026-09-29T09:30:49.004912989Z,0,75100160.0,13205504.0,16.0,129177223,99855235,6586399833,27456801.0,676156.0,676572.0,675861.0,7.0,597.0,107.0,0,902.0,13985.0,0,66149.0,595227.0,0.0,24.0,20.0,4564,176
1790677196,true,2026-09-29T09:30:49.004912989Z,0,73887744.0,12853248.0,16.0,131912733,101983619,6755108543,28032480.0,690430.0,690855.0,690129.0,7.0,609.0,110.0,0,915.0,14344.0,0,67604.0,607677.0,0.0,25.0,20.0,4786,204
1790677256,true,2026-09-29T09:30:49.004912989Z,0,75632640.0,12853248.0,16.0,134628340,104178897,6906832384,28611569.0,704347.0,704781.0,704040.0,7.0,621.0,113.0,0,932.0,14738.0,0,68910.0,619880.0,0.0,24.0,20.0,4481,182
1790677316,true,2026-09-29T09:30:49.004912989Z,0,74186752.0,11165696.0,16.0,137300999,106308127,7055880857,29173785.0,718380.0,718820.0,718067.0,7.0,633.0,113.0,0,945.0,15167.0,0,70337.0,632044.0,0.0,25.0,20.0,4872,210
1790677376,true,2026-09-29T09:30:49.004912989Z,0,75833344.0,11468800.0,16.0,139973251,108447557,7192875337,29744351.0,732614.0,733066.0,732295.0,7.0,645.0,119.0,0,967.0,15403.0,0,71702.0,644661.0,0.0,24.0,20.0,4184,180
1790677436,true,2026-09-29T09:30:49.004912989Z,0,75919360.0,11894784.0,16.0,142631197,110596350,7315178334,30319755.0,746525.0,746985.0,746200.0,7.0,657.0,121.0,0,984.0,15637.0,0,73066.0,656959.0,0.0,24.0,20.0,4151,170
1790677496,true,2026-09-29T09:30:49.004912989Z,0,74682368.0,12107776.0,16.0,145302253,112651492,7473197687,30877368.0,760680.0,761146.0,760349.0,7.0,669.0,121.0,0,1000.0,16089.0,0,74417.0,669295.0,0.0,24.0,20.0,4793,194
1790677556,true,2026-09-29T09:30:49.004912989Z,0,73580544.0,12476416.0,16.0,147967790,114710428,7607966671,31446148.0,774817.0,775291.0,774480.0,7.0,681.0,123.0,0,1051.0,16336.0,0,75800.0,681753.0,0.0,24.0,20.0,4451,200
1790677617,true,2026-09-29T09:30:49.004912989Z,0,72560640.0,13074432.0,14.0,149777065,116049834,7685915384,31791456.0,783811.0,784290.0,783463.0,12.0,692.0,123.0,0,1156.0,16528.0,0,76647.0,689603.0,0.0,24.0,20.0,3097,84
1790677677,true,2026-09-29T09:30:49.004912989Z,0,74272768.0,11509760.0,16.0,150044074,116126862,7691480674,31806020.0,784468.0,784952.0,784100.0,27.0,702.0,123.0,0,1251.0,17032.0,0,76653.0,689655.0,0.0,28.0,20.0,1485,0
1790677737,true,2026-09-29T09:30:49.004912989Z,0,73736192.0,14393344.0,16.0,150496337,116350666,7703630810,31857459.0,786092.0,786582.0,785679.0,66.0,714.0,123.0,0,1344.0,17580.0,0,76757.0,690534.0,0.0,28.0,20.0,1920,22
1790677797,true,2026-09-29T09:30:49.004912989Z,0,74612736.0,12853248.0,16.0,151348386,116820156,7727545425,31973360.0,789849.0,790344.0,789263.0,234.0,724.0,123.0,0,1433.0,18182.0,0,77062.0,693295.0,0.0,28.0,20.0,2692,98
1790677857,true,2026-09-29T09:30:49.004912989Z,0,71925760.0,13754368.0,16.0,151804832,117022698,7737590972,32022934.0,791374.0,791875.0,790720.0,296.0,736.0,123.0,0,1515.0,18555.0,0,77175.0,694252.0,0.0,28.0,20.0,1339,52
1790677917,true,2026-09-29T09:30:49.004912989Z,0,73998336.0,11517952.0,16.0,152967311,117745929,7775299687,32203453.0,796710.0,797216.0,795894.0,453.0,746.0,123.0,0,1612.0,19248.0,0,77631.0,698342.0,0.0,29.0,20.0,3435,176
1790677977,true,2026-09-29T09:30:49.004912989Z,0,72372224.0,11034624.0,16.0,153575920,118098507,7794998344,32284821.0,799456.0,799969.0,798572.0,515.0,759.0,123.0,0,1693.0,19851.0,0,77834.0,700201.0,0.0,28.0,20.0,2262,40
1790678037,true,2026-09-29T09:30:49.004912989Z,0,72482816.0,11886592.0,16.0,153966844,118269796,7805291132,32321923.0,800720.0,801239.0,799785.0,561.0,770.0,123.0,1.0,1774.0,20293.0,0,77915.0,700862.0,0.0,29.0,20.0,1578,26
1790678097,true,2026-09-29T09:30:49.004912989Z,0,73162752.0,12230656.0,16.0,154305996,118373199,7812618204,32344167.0,801556.0,802082.0,800569.0,607.0,783.0,123.0,1.0,1869.0,20712.0,0,77946.0,701153.0,0.0,28.0,20.0,1317,24
1790678157,true,2026-09-29T09:30:49.004912989Z,0,76070912.0,11649024.0,16.0,158852693,121962987,8268310405,33137131.0,824833.0,825366.0,823315.0,1132.0,795.0,124.0,1.0,1965.0,23624.0,0,80021.0,719348.0,0.0,28.0,20.0,13131,354
1790678218,true,2026-09-29T09:30:49.004912989Z,0,72392704.0,10993664.0,16.0,159962407,122694028,8361069237,33304191.0,830101.0,830640.0,828443.0,1267.0,806.0,124.0,1.0,2100.0,25190.0,0,80380.0,722556.0,0.0,29.0,20.0,5820,44
1790678278,true,2026-09-29T09:30:49.004912989Z,0,74395648.0,11108352.0,16.0,160382712,122885466,8381582014,33343121.0,831593.0,832137.0,829884.0,1312.0,817.0,124.0,1.0,2233.0,26180.0,0,80406.0,722899.0,0.0,28.0,20.0,2900,0
1790678338,true,2026-09-29T09:30:49.004912989Z,0,73834496.0,13352960.0,16.0,161426560,123553683,8446376769,33501467.0,836641.0,837192.0,834789.0,1449.0,830.0,124.0,1.0,2367.0,27718.0,0,80773.0,725908.0,0.0,28.0,20.0,4906,32
1790678398,true,2026-09-29T09:30:49.004912989Z,0,75030528.0,13910016.0,16.0,162701467,124355540,8517534137,33692833.0,842330.0,842887.0,840306.0,1615.0,842.0,124.0,1.0,2498.0,29365.0,0,81164.0,729428.0,0.0,28.0,20.0,5756,126
1790678458,true,2026-09-29T09:30:49.004912989Z,0,73916416.0,11927552.0,16.0,163979741,125101023,8576170269,33877209.0,847953.0,848516.0,845750.0,1788.0,854.0,124.0,1.0,2629.0,30995.0,0,81560.0,732894.0,0.0,28.0,20.0,5576,168
1790678518,true,2026-09-29T09:30:49.004912989Z,0,75452416.0,11673600.0,16.0,164892368,125642307,8632998586,34001984.0,851956.0,852525.0,849645.0,1891.0,865.0,124.0,1.0,2755.0,32614.0,0,81779.0,734933.0,0.0,28.0,20.0,4653,42
1790678578,true,2026-09-29T09:30:49.004912989Z,0,75100160.0,16785408.0,16.0,166578026,126773744,8771205471,34265022.0,860434.0,861010.0,857864.0,2144.0,878.0,124.0,1.0,2885.0,35259.0,0,82355.0,740060.0,0.0,28.0,20.0,8461,64
1790678638,true,2026-09-29T09:30:49.004912989Z,0,74825728.0,11468800.0,16.0,172150764,130710526,9393481510,35039767.0,882477.0,883059.0,879287.0,2758.0,890.0,124.0,1.0,2955.0,39095.0,0,84203.0,756349.0,0.0,28.0,20.0,14773,416
1790678698,true,2026-09-29T09:30:49.004912989Z,0,74461184.0,13402112.0,16.0,177675964,134925201,9811774530,36002999.0,908559.0,909146.0,904665.0,3455.0,902.0,124.0,1.0,3050.0,41088.0,0,86612.0,777934.0,0.0,28.0,20.0,12484,442
1790678759,true,2026-09-29T09:30:49.004912989Z,0,74907648.0,14819328.0,16.0,178155820,135145812,9856265620,36051437.0,910118.0,910710.0,906180.0,3493.0,913.0,124.0,1.0,3155.0,42088.0,0,86656.0,778344.0,0.0,28.0,20.0,3086,16
1790678819,true,2026-09-29T09:30:49.004912989Z,0,74268672.0,11452416.0,16.0,178397945,135193807,9862792657,36059908.0,910508.0,911107.0,906538.0,3520.0,925.0,124.0,2.0,3249.0,42384.0,0,86656.0,778345.0,0.0,28.0,20.0,943,0
1790678879,true,2026-09-29T09:30:49.004912989Z,0,75579392.0,13295616.0,16.0,179342462,135681543,9900896309,36182739.0,914128.0,914733.0,909988.0,3684.0,937.0,124.0,2.0,3348.0,43196.0,0,86908.0,780802.0,0.0,28.0,20.0,3129,144
1790678939,true,2026-09-29T09:30:49.004912989Z,0,74543104.0,13623296.0,16.0,179648618,135769723,9907712243,36201580.0,914818.0,915426.0,910629.0,3728.0,945.0,124.0,2.0,3442.0,43510.0,0,86941.0,781051.0,0.0,28.0,20.0,1124,32
1790678999,true,2026-09-29T09:30:49.004912989Z,0,74031104.0,11599872.0,16.0,179999024,135870838,9916682542,36224955.0,915695.0,916311.0,911432.0,3797.0,958.0,124.0,2.0,3534.0,43911.0,0,86990.0,781386.0,0.0,28.0,20.0,1232,64
1790679059,true,2026-09-29T09:30:49.004912989Z,0,73142272.0,11198464.0,16.0,180351507,135975838,9925989205,36248571.0,916565.0,917186.0,912254.0,3840.0,968.0,124.0,3.0,3627.0,44374.0,0,87025.0,781666.0,0.0,28.0,20.0,1465,74
1790679119,true,2026-09-29T09:30:49.004912989Z,0,74850304.0,12640256.0,16.0,181446987,136544299,9977198107,36391244.0,920959.0,921587.0,916448.0,4034.0,981.0,124.0,3.0,3725.0,45637.0,0,87319.0,784405.0,0.0,28.0,20.0,3805,210
1790679179,true,2026-09-29T09:30:49.004912989Z,0,74809344.0,13705216.0,16.0,182538579,137231189,10070615366,36544550.0,926184.0,926818.0,921537.0,4164.0,993.0,124.0,3.0,3826.0,47723.0,0,87593.0,787169.0,0.0,28.0,20.0,6578,30
1790679239,true,2026-09-29T09:30:49.004912989Z,0,72630272.0,10313728.0,16.0,183261671,137637150,10124557837,36633786.0,929101.0,929741.0,924382.0,4230.0,1005.0,124.0,3.0,3931.0,49254.0,0,87713.0,788330.0,0.0,28.0,20.0,4362,32
1790679299,true,2026-09-29T09:30:49.004912989Z,0,74887168.0,12771328.0,16.0,184354323,138258915,10196890247,36779877.0,933562.0,934209.0,928707.0,4360.0,1018.0,124.0,3.0,4032.0,50800.0,0,87993.0,790864.0,0.0,28.0,20.0,4475,158
1790679360,true,2026-09-29T09:30:49.004912989Z,0,75481088.0,15466496.0,16.0,185383173,138785878,10235290780,36912243.0,937766.0,938418.0,932689.0,4577.0,1028.0,124.0,3.0,4126.0,51857.0,0,88302.0,793608.0,0.0,28.0,20.0,3956,196
1790679420,true,2026-09-29T09:30:49.004912989Z,0,75210752.0,14344192.0,16.0,186066654,139081889,10258563203,36985093.0,940207.0,940865.0,934990.0,4711.0,1040.0,124.0,3.0,4227.0,52584.0,0,88459.0,795064.0,0.0,28.0,20.0,2241,106
1790679480,true,2026-09-29T09:30:49.004912989Z,0,76972032.0,11608064.0,16.0,186864056,139438592,10280336870,37072649.0,943349.0,944014.0,937875.0,4962.0,1053.0,124.0,4.0,4318.0,53263.0,0,88659.0,797237.0,0.0,28.0,20.0,2410,182
1790679540,true,2026-09-29T09:30:49.004912989Z,0,76275712.0,13008896.0,16.0,195517927,145820224,10749329972,38428640.0,979939.0,980611.0,973514.0,5907.0,1065.0,125.0,4.0,4440.0,54405.0,0,92291.0,828932.0,0.0,28.0,20.0,12500,628
1790679600,true,2026-09-29T09:30:49.004912989Z,0,73637888.0,12648448.0,16.0,198380704,147814879,11028855310,38863900.0,993364.0,994042.0,986491.0,6349.0,1077.0,125.0,4.0,4548.0,55410.0,0,93500.0,840035.0,0.0,28.0,20.0,5966,22
1790679675,true,2026-09-29T09:30:49.004912989Z,0,73711616.0,14589952.0,16.0,204010968,151920206,11330532715,39729936.0,1016601.0,1017286.0,1009134.0,6937.0,1087.0,126.0,6.0,4631.0,56108.0,0,95648.0,860346.0,0.0,28.0,20.0,7717,270
