rep,workload,config,tps,lat_ms,pgbouncer_cpu_pct,agent_cpu_pct,agent_rss_mb,client_q_per_s,traces_per_s,corr_exact,corr_inferred,corr_internal,corr_none,corr_orphan,kernel_drops
1,single,off,73327,13.64,65.5,,,,,,,,,,
1,single,server-only,71933,13.90,67.5,31.6,60,0,70499,0,0,0,2114982,0,0
1,single,client+server,62914,15.89,68.0,73.0,75,61648,61648,1847603,1839,0,1,0,0
1,single,client+server+labels,65124,15.36,68.1,73.6,82,63839,63839,1913355,1818,0,0,0,0
1,apps,off,69233,14.44,67.4,,,,,,,,,,
1,apps,attach-param-sync,57631,17.35,70.1,70.1,78,57172,57172,1713546,1598,574639,0,2,0
1,apps,no-attach,57393,17.42,70.2,71.1,77,56929,76797,1460363,247485,0,596047,8,0
2,single,off,84528,11.83,65.2,,,,,,,,,,
2,single,server-only,72991,13.70,67.6,32.6,66,0,71534,0,0,0,2146029,0,0
2,single,client+server,67601,14.79,68.2,72.8,79,66247,66247,1985523,1873,0,0,0,0
2,single,client+server+labels,67747,14.76,68.0,73.8,78,66389,66389,1989801,1869,0,0,0,0
2,apps,off,73359,13.63,67.4,,,,,,,,,,
2,apps,attach-param-sync,55776,17.93,70.3,70.1,75,55311,55321,1492231,166814,665844,2,288,0
2,apps,no-attach,55404,18.05,70.3,70.1,75,54963,77541,1647356,1536,0,677318,3,0
3,single,off,84223,11.87,65.2,,,,,,,,,,
3,single,server-only,72342,13.82,67.5,32.0,65,0,70906,0,0,0,2127175,0,0
3,single,client+server,67304,14.86,68.2,73.2,75,65954,65954,1976681,1931,0,0,0,0
3,single,client+server+labels,67398,14.84,68.0,72.5,74,66039,66039,1979208,1967,0,0,0,0
3,apps,off,74657,13.39,67.4,,,,,,,,,,
3,apps,attach-param-sync,54253,18.43,70.3,69.3,76,53826,53826,1613264,1500,736247,0,1,0
3,apps,no-attach,55356,18.06,70.2,70.0,80,54927,77581,1646199,1608,0,679623,2,0
