rep,config,clients,tps,lat_ms,pgbouncer_cpu_pct,pgbouncer_us_per_q,agent_cpu_pct,client_q_per_s,kernel_drops,tls_dropped
1,notls,8,107809,0.074,61.5,5.71,,,,
1,notls-agent,8,86654,0.092,67.4,7.77,53.9,86628,0,
1,notls,64,90357,0.708,66.2,7.33,,,,
1,notls-agent,64,73831,0.867,71.0,9.61,49.0,73645,0,
2,notls,8,107128,0.075,61.5,5.74,,,,
2,notls-agent,8,86390,0.093,67.4,7.81,54.7,86366,0,
2,notls,64,90450,0.708,66.1,7.30,,,,
2,notls-agent,64,73938,0.866,71.0,9.60,48.6,73772,0,
3,notls,8,107378,0.075,61.5,5.73,,,,
3,notls-agent,8,86142,0.093,67.3,7.82,53.4,86118,0,
3,notls,64,90079,0.710,66.2,7.35,,,,
3,notls-agent,64,73619,0.869,71.0,9.64,48.5,73440,0,
1,tls,8,72005,0.111,73.4,10.20,,,,
1,tls-agent-capture-off,8,71434,0.112,73.4,10.28,0.2,0,0,
1,tls-agent-capture-on,8,43192,0.185,83.1,19.25,28.6,43165,0,
1,tls,64,60009,1.067,77.0,12.84,,,,
1,tls-agent-capture-off,64,59252,1.080,77.1,13.02,0.3,0,0,
1,tls-agent-capture-on,64,35721,1.792,85.5,23.93,25.3,35576,0,
2,tls,8,71072,0.113,73.5,10.35,,,,
2,tls-agent-capture-off,8,71202,0.112,73.6,10.34,0.3,0,0,
2,tls-agent-capture-on,8,43388,0.184,83.3,19.19,28.1,43364,0,
2,tls,64,59435,1.077,77.1,12.97,,,,
2,tls-agent-capture-off,64,59584,1.074,77.0,12.93,0.3,0,0,
2,tls-agent-capture-on,64,35888,1.783,85.5,23.83,25.4,35760,0,
3,tls,8,71332,0.112,73.5,10.30,,,,
3,tls-agent-capture-off,8,71225,0.112,73.5,10.32,0.2,0,0,
3,tls-agent-capture-on,8,43441,0.184,83.1,19.14,28.1,43416,0,
3,tls,64,60263,1.062,76.9,12.76,,,,
3,tls-agent-capture-off,64,60052,1.066,77.0,12.82,0.3,0,0,
3,tls-agent-capture-on,64,36079,1.774,85.5,23.69,25.1,35930,0,
