rep,workload,mode,clients,agent,ratio,tps,lat_ms,pgbouncer_cpu_pct,agent_cpu_pct,agent_mem_mb,queries_per_s,kept,kernel_drops,bpf_ns_per_run,bpf_runs_per_query
1,tpcb-simple,simple,8,off,,8081.679373,0.990,43.8,,,,,,,
1,tpcb-simple,simple,8,on,0.1,1593.082203,5.022,11.5,4.3,66.4,11151,22306,0,118,10.12
1,tpcb-simple,simple,32,off,,2206.057876,14.506,14.0,,,,,,,
1,tpcb-simple,simple,32,on,0.1,2256.738498,14.180,15.7,6.0,68.2,15795,31571,0,117,10.22
1,select-simple,simple,8,off,,107794.720250,0.074,61.5,,,,,,,
1,select-simple,simple,8,on,0.1,93869.895831,0.085,64.6,27.7,62.6,93844,188272,0,92,10.01
2,tpcb-simple,simple,8,off,,7526.695327,1.063,40.3,,,,,,,
2,tpcb-simple,simple,8,on,0.1,4600.607070,1.739,28.5,10.0,60.2,32201,65157,0,104,10.04
2,tpcb-simple,simple,32,off,,10894.321345,2.937,52.6,,,,,,,
2,tpcb-simple,simple,32,on,0.1,4040.605465,7.920,24.7,9.5,66.0,28283,56342,0,105,10.19
2,select-simple,simple,8,off,,106837.494841,0.075,61.6,,,,,,,
2,select-simple,simple,8,on,0.1,93857.186576,0.085,64.5,27.7,61.6,93832,187492,0,93,10.01
3,tpcb-simple,simple,8,off,,5636.815854,1.419,30.7,,,,,,,
3,tpcb-simple,simple,8,on,0.1,5548.433034,1.442,33.7,11.8,64.2,38838,78070,0,103,10.03
3,tpcb-simple,simple,32,off,,9521.198594,3.361,46.6,,,,,,,
3,tpcb-simple,simple,32,on,0.1,4366.906119,7.328,26.4,10.1,60.1,30567,61031,0,105,10.18
3,select-simple,simple,8,off,,107265.024315,0.075,61.4,,,,,,,
3,select-simple,simple,8,on,0.1,93574.993601,0.085,64.5,27.5,62.6,93550,186874,0,94,10.01
