workload,mode,clients,agent,ratio,tps,lat_ms,pgbouncer_cpu_pct,agent_cpu_pct,agent_mem_mb,queries_per_s,kept,kernel_drops,bpf_ns_per_run,bpf_runs_per_query
select-simple,simple,1,off,,21763.383788,0.046,25.0,,,,,,,
select-simple,simple,1,on,0.1,21021.734610,0.048,26.3,8.1,62.2,21020,42070,0,105,10.08
select-simple,simple,8,off,,106583.142027,0.075,61.6,,,,,,,
select-simple,simple,8,on,0.1,92442.295179,0.087,64.6,29.3,64.9,92417,184567,0,94,10.02
select-simple,simple,32,off,,102778.820407,0.311,60.2,,,,,,,
select-simple,simple,32,on,0.1,91914.532631,0.348,63.5,29.6,69.0,91826,184280,0,94,10.04
select-simple,simple,64,off,,90467.048343,0.707,66.2,,,,,,,
select-simple,simple,64,on,0.1,79069.335343,0.809,68.9,25.8,63.1,78898,157605,0,88,11.02
select-extended,extended,1,off,,19585.985907,0.051,23.1,,,,,,,
select-extended,extended,1,on,0.1,19095.936425,0.052,24.3,9.4,60.7,19094,37678,0,106,10.06
select-extended,extended,8,off,,103989.276927,0.077,62.4,,,,,,,
select-extended,extended,8,on,0.1,89747.446701,0.089,65.3,36.4,62.8,89720,178803,0,97,10.01
select-extended,extended,32,off,,97956.746112,0.327,60.8,,,,,,,
select-extended,extended,32,on,0.1,87955.564832,0.364,64.0,37.4,65.8,87862,176513,0,101,10.05
select-extended,extended,64,off,,87822.211292,0.729,66.7,,,,,,,
select-extended,extended,64,on,0.1,76176.579830,0.840,69.2,32.9,59.4,75988,152079,0,91,11.02
tpcb-simple,simple,1,off,,1734.677284,0.576,13.0,,,,,,,
tpcb-simple,simple,1,on,0.1,1712.366442,0.584,14.0,4.4,60.3,11986,24044,0,101,10.10
tpcb-simple,simple,8,off,,8178.089161,0.978,43.8,,,,,,,
tpcb-simple,simple,8,on,0.1,1597.934595,5.006,11.6,4.3,67.1,11185,22286,0,119,10.11
tpcb-simple,simple,32,off,,2227.389725,14.367,13.9,,,,,,,
tpcb-simple,simple,32,on,0.1,2243.587115,14.263,15.7,6.1,62.2,15701,31166,0,117,10.22
tpcb-simple,simple,64,off,,2238.693885,28.588,14.0,,,,,,,
tpcb-simple,simple,64,on,0.1,2237.474354,28.604,15.7,6.4,59.4,15654,31090,0,117,10.22
select-simple,simple,64,on,1,74045.760541,0.864,68.7,101.7,124.4,73851,1477013,0,92,11.02
select-extended,extended,64,on,1,71180.294169,0.899,69.0,108.9,89.2,71011,1420216,0,97,11.02
